[
  {
    "country_name": "Afghanistan",
    "iso_alpha_2": "AF",
    "iso_alpha_3": "AFG"
  },
  {
    "country_name": "Aland Islands",
    "iso_alpha_2": "AX",
    "iso_alpha_3": "ALA"
  },
  {
    "country_name": "Albania",
    "iso_alpha_2": "AL",
    "iso_alpha_3": "ALB"
  },
  {
    "country_name": "Algeria",
    "iso_alpha_2": "DZ",
    "iso_alpha_3": "DZA"
  },
  {
    "country_name": "American Samoa",
    "iso_alpha_2": "AS",
    "iso_alpha_3": "ASM"
  },
  {
    "country_name": "Andorra",
    "iso_alpha_2": "AD",
    "iso_alpha_3": "AND"
  },
  {
    "country_name": "Angola",
    "iso_alpha_2": "AO",
    "iso_alpha_3": "AGO"
  },
  {
    "country_name": "Anguilla",
    "iso_alpha_2": "AI",
    "iso_alpha_3": "AIA"
  },
  {
    "country_name": "Antarctica",
    "iso_alpha_2": "AQ",
    "iso_alpha_3": "ATA"
  },
  {
    "country_name": "Antigua and Barbuda",
    "iso_alpha_2": "AG",
    "iso_alpha_3": "ATG"
  },
  {
    "country_name": "Argentina",
    "iso_alpha_2": "AR",
    "iso_alpha_3": "ARG"
  },
  {
    "country_name": "Armenia",
    "iso_alpha_2": "AM",
    "iso_alpha_3": "ARM"
  },
  {
    "country_name": "Aruba",
    "iso_alpha_2": "AW",
    "iso_alpha_3": "ABW"
  },
  {
    "country_name": "Australia",
    "iso_alpha_2": "AU",
    "iso_alpha_3": "AUS"
  },
  {
    "country_name": "Austria",
    "iso_alpha_2": "AT",
    "iso_alpha_3": "AUT"
  },
  {
    "country_name": "Azerbaijan",
    "iso_alpha_2": "AZ",
    "iso_alpha_3": "AZE"
  },
  {
    "country_name": "Bahamas",
    "iso_alpha_2": "BS",
    "iso_alpha_3": "BHS"
  },
  {
    "country_name": "Bahrain",
    "iso_alpha_2": "BH",
    "iso_alpha_3": "BHR"
  },
  {
    "country_name": "Bangladesh",
    "iso_alpha_2": "BD",
    "iso_alpha_3": "BGD"
  },
  {
    "country_name": "Barbados",
    "iso_alpha_2": "BB",
    "iso_alpha_3": "BRB"
  },
  {
    "country_name": "Belarus",
    "iso_alpha_2": "BY",
    "iso_alpha_3": "BLR"
  },
  {
    "country_name": "Belgium",
    "iso_alpha_2": "BE",
    "iso_alpha_3": "BEL"
  },
  {
    "country_name": "Belize",
    "iso_alpha_2": "BZ",
    "iso_alpha_3": "BLZ"
  },
  {
    "country_name": "Benin",
    "iso_alpha_2": "BJ",
    "iso_alpha_3": "BEN"
  },
  {
    "country_name": "Bermuda",
    "iso_alpha_2": "BM",
    "iso_alpha_3": "BMU"
  },
  {
    "country_name": "Bhutan",
    "iso_alpha_2": "BT",
    "iso_alpha_3": "BTN"
  },
  {
    "country_name": "Bolivia",
    "iso_alpha_2": "BO",
    "iso_alpha_3": "BOL"
  },
  {
    "country_name": "Bosnia and Herzegovina",
    "iso_alpha_2": "BA",
    "iso_alpha_3": "BIH"
  },
  {
    "country_name": "Botswana",
    "iso_alpha_2": "BW",
    "iso_alpha_3": "BWA"
  },
  {
    "country_name": "Bouvet Island",
    "iso_alpha_2": "BV",
    "iso_alpha_3": "BVT"
  },
  {
    "country_name": "Brazil",
    "iso_alpha_2": "BR",
    "iso_alpha_3": "BRA"
  },
  {
    "country_name": "British Virgin Islands",
    "iso_alpha_2": "VG",
    "iso_alpha_3": "VGB"
  },
  {
    "country_name": "British Indian Ocean Territory",
    "iso_alpha_2": "IO",
    "iso_alpha_3": "IOT"
  },
  {
    "country_name": "Brunei Darussalam",
    "iso_alpha_2": "BN",
    "iso_alpha_3": "BRN"
  },
  {
    "country_name": "Bulgaria",
    "iso_alpha_2": "BG",
    "iso_alpha_3": "BGR"
  },
  {
    "country_name": "Burkina Faso",
    "iso_alpha_2": "BF",
    "iso_alpha_3": "BFA"
  },
  {
    "country_name": "Burundi",
    "iso_alpha_2": "BI",
    "iso_alpha_3": "BDI"
  },
  {
    "country_name": "Cambodia",
    "iso_alpha_2": "KH",
    "iso_alpha_3": "KHM"
  },
  {
    "country_name": "Cameroon",
    "iso_alpha_2": "CM",
    "iso_alpha_3": "CMR"
  },
  {
    "country_name": "Canada",
    "iso_alpha_2": "CA",
    "iso_alpha_3": "CAN"
  },
  {
    "country_name": "Cape Verde",
    "iso_alpha_2": "CV",
    "iso_alpha_3": "CPV"
  },
  {
    "country_name": "Cayman Islands",
    "iso_alpha_2": "KY",
    "iso_alpha_3": "CYM"
  },
  {
    "country_name": "Central African Republic",
    "iso_alpha_2": "CF",
    "iso_alpha_3": "CAF"
  },
  {
    "country_name": "Chad",
    "iso_alpha_2": "TD",
    "iso_alpha_3": "TCD"
  },
  {
    "country_name": "Chile",
    "iso_alpha_2": "CL",
    "iso_alpha_3": "CHL"
  },
  {
    "country_name": "China",
    "iso_alpha_2": "CN",
    "iso_alpha_3": "CHN"
  },
  {
    "country_name": "Hong Kong, Special Administrative Region of China",
    "iso_alpha_2": "HK",
    "iso_alpha_3": "HKG"
  },
  {
    "country_name": "Macao, Special Administrative Region of China",
    "iso_alpha_2": "MO",
    "iso_alpha_3": "MAC"
  },
  {
    "country_name": "Christmas Island",
    "iso_alpha_2": "CX",
    "iso_alpha_3": "CXR"
  },
  {
    "country_name": "Cocos (Keeling) Islands",
    "iso_alpha_2": "CC",
    "iso_alpha_3": "CCK"
  },
  {
    "country_name": "Colombia",
    "iso_alpha_2": "CO",
    "iso_alpha_3": "COL"
  },
  {
    "country_name": "Comoros",
    "iso_alpha_2": "KM",
    "iso_alpha_3": "COM"
  },
  {
    "country_name": "Congo (Brazzaville)",
    "iso_alpha_2": "CG",
    "iso_alpha_3": "COG"
  },
  {
    "country_name": "Congo, Democratic Republic of the",
    "iso_alpha_2": "CD",
    "iso_alpha_3": "COD"
  },
  {
    "country_name": "Cook Islands",
    "iso_alpha_2": "CK",
    "iso_alpha_3": "COK"
  },
  {
    "country_name": "Costa Rica",
    "iso_alpha_2": "CR",
    "iso_alpha_3": "CRI"
  },
  {
    "country_name": "C�te d'Ivoire",
    "iso_alpha_2": "CI",
    "iso_alpha_3": "CIV"
  },
  {
    "country_name": "Croatia",
    "iso_alpha_2": "HR",
    "iso_alpha_3": "HRV"
  },
  {
    "country_name": "Cuba",
    "iso_alpha_2": "CU",
    "iso_alpha_3": "CUB"
  },
  {
    "country_name": "Cyprus",
    "iso_alpha_2": "CY",
    "iso_alpha_3": "CYP"
  },
  {
    "country_name": "Czech Republic",
    "iso_alpha_2": "CZ",
    "iso_alpha_3": "CZE"
  },
  {
    "country_name": "Denmark",
    "iso_alpha_2": "DK",
    "iso_alpha_3": "DNK"
  },
  {
    "country_name": "Djibouti",
    "iso_alpha_2": "DJ",
    "iso_alpha_3": "DJI"
  },
  {
    "country_name": "Dominica",
    "iso_alpha_2": "DM",
    "iso_alpha_3": "DMA"
  },
  {
    "country_name": "Dominican Republic",
    "iso_alpha_2": "DO",
    "iso_alpha_3": "DOM"
  },
  {
    "country_name": "Ecuador",
    "iso_alpha_2": "EC",
    "iso_alpha_3": "ECU"
  },
  {
    "country_name": "Egypt",
    "iso_alpha_2": "EG",
    "iso_alpha_3": "EGY"
  },
  {
    "country_name": "El Salvador",
    "iso_alpha_2": "SV",
    "iso_alpha_3": "SLV"
  },
  {
    "country_name": "Equatorial Guinea",
    "iso_alpha_2": "GQ",
    "iso_alpha_3": "GNQ"
  },
  {
    "country_name": "Eritrea",
    "iso_alpha_2": "ER",
    "iso_alpha_3": "ERI"
  },
  {
    "country_name": "Estonia",
    "iso_alpha_2": "EE",
    "iso_alpha_3": "EST"
  },
  {
    "country_name": "Ethiopia",
    "iso_alpha_2": "ET",
    "iso_alpha_3": "ETH"
  },
  {
    "country_name": "Falkland Islands (Malvinas)",
    "iso_alpha_2": "FK",
    "iso_alpha_3": "FLK"
  },
  {
    "country_name": "Faroe Islands",
    "iso_alpha_2": "FO",
    "iso_alpha_3": "FRO"
  },
  {
    "country_name": "Fiji",
    "iso_alpha_2": "FJ",
    "iso_alpha_3": "FJI"
  },
  {
    "country_name": "Finland",
    "iso_alpha_2": "FI",
    "iso_alpha_3": "FIN"
  },
  {
    "country_name": "France",
    "iso_alpha_2": "FR",
    "iso_alpha_3": "FRA"
  },
  {
    "country_name": "French Guiana",
    "iso_alpha_2": "GF",
    "iso_alpha_3": "GUF"
  },
  {
    "country_name": "French Polynesia",
    "iso_alpha_2": "PF",
    "iso_alpha_3": "PYF"
  },
  {
    "country_name": "French Southern Territories",
    "iso_alpha_2": "TF",
    "iso_alpha_3": "ATF"
  },
  {
    "country_name": "Gabon",
    "iso_alpha_2": "GA",
    "iso_alpha_3": "GAB"
  },
  {
    "country_name": "Gambia",
    "iso_alpha_2": "GM",
    "iso_alpha_3": "GMB"
  },
  {
    "country_name": "Georgia",
    "iso_alpha_2": "GE",
    "iso_alpha_3": "GEO"
  },
  {
    "country_name": "Germany",
    "iso_alpha_2": "DE",
    "iso_alpha_3": "DEU"
  },
  {
    "country_name": "Ghana",
    "iso_alpha_2": "GH",
    "iso_alpha_3": "GHA"
  },
  {
    "country_name": "Gibraltar",
    "iso_alpha_2": "GI",
    "iso_alpha_3": "GIB"
  },
  {
    "country_name": "Greece",
    "iso_alpha_2": "GR",
    "iso_alpha_3": "GRC"
  },
  {
    "country_name": "Greenland",
    "iso_alpha_2": "GL",
    "iso_alpha_3": "GRL"
  },
  {
    "country_name": "Grenada",
    "iso_alpha_2": "GD",
    "iso_alpha_3": "GRD"
  },
  {
    "country_name": "Guadeloupe",
    "iso_alpha_2": "GP",
    "iso_alpha_3": "GLP"
  },
  {
    "country_name": "Guam",
    "iso_alpha_2": "GU",
    "iso_alpha_3": "GUM"
  },
  {
    "country_name": "Guatemala",
    "iso_alpha_2": "GT",
    "iso_alpha_3": "GTM"
  },
  {
    "country_name": "Guernsey",
    "iso_alpha_2": "GG",
    "iso_alpha_3": "GGY"
  },
  {
    "country_name": "Guinea",
    "iso_alpha_2": "GN",
    "iso_alpha_3": "GIN"
  },
  {
    "country_name": "Guinea-Bissau",
    "iso_alpha_2": "GW",
    "iso_alpha_3": "GNB"
  },
  {
    "country_name": "Guyana",
    "iso_alpha_2": "GY",
    "iso_alpha_3": "GUY"
  },
  {
    "country_name": "Haiti",
    "iso_alpha_2": "HT",
    "iso_alpha_3": "HTI"
  },
  {
    "country_name": "Heard Island and Mcdonald Islands",
    "iso_alpha_2": "HM",
    "iso_alpha_3": "HMD"
  },
  {
    "country_name": "Holy See (Vatican City State)",
    "iso_alpha_2": "VA",
    "iso_alpha_3": "VAT"
  },
  {
    "country_name": "Honduras",
    "iso_alpha_2": "HN",
    "iso_alpha_3": "HND"
  },
  {
    "country_name": "Hungary",
    "iso_alpha_2": "HU",
    "iso_alpha_3": "HUN"
  },
  {
    "country_name": "Iceland",
    "iso_alpha_2": "IS",
    "iso_alpha_3": "ISL"
  },
  {
    "country_name": "India",
    "iso_alpha_2": "IN",
    "iso_alpha_3": "IND"
  },
  {
    "country_name": "Indonesia",
    "iso_alpha_2": "ID",
    "iso_alpha_3": "IDN"
  },
  {
    "country_name": "Iran, Islamic Republic of",
    "iso_alpha_2": "IR",
    "iso_alpha_3": "IRN"
  },
  {
    "country_name": "Iraq",
    "iso_alpha_2": "IQ",
    "iso_alpha_3": "IRQ"
  },
  {
    "country_name": "Ireland",
    "iso_alpha_2": "IE",
    "iso_alpha_3": "IRL"
  },
  {
    "country_name": "Isle of Man",
    "iso_alpha_2": "IM",
    "iso_alpha_3": "IMN"
  },
  {
    "country_name": "Israel",
    "iso_alpha_2": "IL",
    "iso_alpha_3": "ISR"
  },
  {
    "country_name": "Italy",
    "iso_alpha_2": "IT",
    "iso_alpha_3": "ITA"
  },
  {
    "country_name": "Jamaica",
    "iso_alpha_2": "JM",
    "iso_alpha_3": "JAM"
  },
  {
    "country_name": "Japan",
    "iso_alpha_2": "JP",
    "iso_alpha_3": "JPN"
  },
  {
    "country_name": "Jersey",
    "iso_alpha_2": "JE",
    "iso_alpha_3": "JEY"
  },
  {
    "country_name": "Jordan",
    "iso_alpha_2": "JO",
    "iso_alpha_3": "JOR"
  },
  {
    "country_name": "Kazakhstan",
    "iso_alpha_2": "KZ",
    "iso_alpha_3": "KAZ"
  },
  {
    "country_name": "Kenya",
    "iso_alpha_2": "KE",
    "iso_alpha_3": "KEN"
  },
  {
    "country_name": "Kiribati",
    "iso_alpha_2": "KI",
    "iso_alpha_3": "KIR"
  },
  {
    "country_name": "Korea, Democratic People's Republic of",
    "iso_alpha_2": "KP",
    "iso_alpha_3": "PRK"
  },
  {
    "country_name": "Korea, Republic of",
    "iso_alpha_2": "KR",
    "iso_alpha_3": "KOR"
  },
  {
    "country_name": "Kuwait",
    "iso_alpha_2": "KW",
    "iso_alpha_3": "KWT"
  },
  {
    "country_name": "Kyrgyzstan",
    "iso_alpha_2": "KG",
    "iso_alpha_3": "KGZ"
  },
  {
    "country_name": "Lao PDR",
    "iso_alpha_2": "LA",
    "iso_alpha_3": "LAO"
  },
  {
    "country_name": "Latvia",
    "iso_alpha_2": "LV",
    "iso_alpha_3": "LVA"
  },
  {
    "country_name": "Lebanon",
    "iso_alpha_2": "LB",
    "iso_alpha_3": "LBN"
  },
  {
    "country_name": "Lesotho",
    "iso_alpha_2": "LS",
    "iso_alpha_3": "LSO"
  },
  {
    "country_name": "Liberia",
    "iso_alpha_2": "LR",
    "iso_alpha_3": "LBR"
  },
  {
    "country_name": "Libya",
    "iso_alpha_2": "LY",
    "iso_alpha_3": "LBY"
  },
  {
    "country_name": "Liechtenstein",
    "iso_alpha_2": "LI",
    "iso_alpha_3": "LIE"
  },
  {
    "country_name": "Lithuania",
    "iso_alpha_2": "LT",
    "iso_alpha_3": "LTU"
  },
  {
    "country_name": "Luxembourg",
    "iso_alpha_2": "LU",
    "iso_alpha_3": "LUX"
  },
  {
    "country_name": "Macedonia, Republic of",
    "iso_alpha_2": "MK",
    "iso_alpha_3": "MKD"
  },
  {
    "country_name": "Madagascar",
    "iso_alpha_2": "MG",
    "iso_alpha_3": "MDG"
  },
  {
    "country_name": "Malawi",
    "iso_alpha_2": "MW",
    "iso_alpha_3": "MWI"
  },
  {
    "country_name": "Malaysia",
    "iso_alpha_2": "MY",
    "iso_alpha_3": "MYS"
  },
  {
    "country_name": "Maldives",
    "iso_alpha_2": "MV",
    "iso_alpha_3": "MDV"
  },
  {
    "country_name": "Mali",
    "iso_alpha_2": "ML",
    "iso_alpha_3": "MLI"
  },
  {
    "country_name": "Malta",
    "iso_alpha_2": "MT",
    "iso_alpha_3": "MLT"
  },
  {
    "country_name": "Marshall Islands",
    "iso_alpha_2": "MH",
    "iso_alpha_3": "MHL"
  },
  {
    "country_name": "Martinique",
    "iso_alpha_2": "MQ",
    "iso_alpha_3": "MTQ"
  },
  {
    "country_name": "Mauritania",
    "iso_alpha_2": "MR",
    "iso_alpha_3": "MRT"
  },
  {
    "country_name": "Mauritius",
    "iso_alpha_2": "MU",
    "iso_alpha_3": "MUS"
  },
  {
    "country_name": "Mayotte",
    "iso_alpha_2": "YT",
    "iso_alpha_3": "MYT"
  },
  {
    "country_name": "Mexico",
    "iso_alpha_2": "MX",
    "iso_alpha_3": "MEX"
  },
  {
    "country_name": "Micronesia, Federated States of",
    "iso_alpha_2": "FM",
    "iso_alpha_3": "FSM"
  },
  {
    "country_name": "Moldova",
    "iso_alpha_2": "MD",
    "iso_alpha_3": "MDA"
  },
  {
    "country_name": "Monaco",
    "iso_alpha_2": "MC",
    "iso_alpha_3": "MCO"
  },
  {
    "country_name": "Mongolia",
    "iso_alpha_2": "MN",
    "iso_alpha_3": "MNG"
  },
  {
    "country_name": "Montenegro",
    "iso_alpha_2": "ME",
    "iso_alpha_3": "MNE"
  },
  {
    "country_name": "Montserrat",
    "iso_alpha_2": "MS",
    "iso_alpha_3": "MSR"
  },
  {
    "country_name": "Morocco",
    "iso_alpha_2": "MA",
    "iso_alpha_3": "MAR"
  },
  {
    "country_name": "Mozambique",
    "iso_alpha_2": "MZ",
    "iso_alpha_3": "MOZ"
  },
  {
    "country_name": "Myanmar",
    "iso_alpha_2": "MM",
    "iso_alpha_3": "MMR"
  },
  {
    "country_name": "Namibia",
    "iso_alpha_2": "NA",
    "iso_alpha_3": "NAM"
  },
  {
    "country_name": "Nauru",
    "iso_alpha_2": "NR",
    "iso_alpha_3": "NRU"
  },
  {
    "country_name": "Nepal",
    "iso_alpha_2": "NP",
    "iso_alpha_3": "NPL"
  },
  {
    "country_name": "Netherlands",
    "iso_alpha_2": "NL",
    "iso_alpha_3": "NLD"
  },
  {
    "country_name": "Netherlands Antilles",
    "iso_alpha_2": "AN",
    "iso_alpha_3": "ANT"
  },
  {
    "country_name": "New Caledonia",
    "iso_alpha_2": "NC",
    "iso_alpha_3": "NCL"
  },
  {
    "country_name": "New Zealand",
    "iso_alpha_2": "NZ",
    "iso_alpha_3": "NZL"
  },
  {
    "country_name": "Nicaragua",
    "iso_alpha_2": "NI",
    "iso_alpha_3": "NIC"
  },
  {
    "country_name": "Niger",
    "iso_alpha_2": "NE",
    "iso_alpha_3": "NER"
  },
  {
    "country_name": "Nigeria",
    "iso_alpha_2": "NG",
    "iso_alpha_3": "NGA"
  },
  {
    "country_name": "Niue",
    "iso_alpha_2": "NU",
    "iso_alpha_3": "NIU"
  },
  {
    "country_name": "Norfolk Island",
    "iso_alpha_2": "NF",
    "iso_alpha_3": "NFK"
  },
  {
    "country_name": "Northern Mariana Islands",
    "iso_alpha_2": "MP",
    "iso_alpha_3": "MNP"
  },
  {
    "country_name": "Norway",
    "iso_alpha_2": "NO",
    "iso_alpha_3": "NOR"
  },
  {
    "country_name": "Oman",
    "iso_alpha_2": "OM",
    "iso_alpha_3": "OMN"
  },
  {
    "country_name": "Pakistan",
    "iso_alpha_2": "PK",
    "iso_alpha_3": "PAK"
  },
  {
    "country_name": "Palau",
    "iso_alpha_2": "PW",
    "iso_alpha_3": "PLW"
  },
  {
    "country_name": "Palestinian Territory, Occupied",
    "iso_alpha_2": "PS",
    "iso_alpha_3": "PSE"
  },
  {
    "country_name": "Panama",
    "iso_alpha_2": "PA",
    "iso_alpha_3": "PAN"
  },
  {
    "country_name": "Papua New Guinea",
    "iso_alpha_2": "PG",
    "iso_alpha_3": "PNG"
  },
  {
    "country_name": "Paraguay",
    "iso_alpha_2": "PY",
    "iso_alpha_3": "PRY"
  },
  {
    "country_name": "Peru",
    "iso_alpha_2": "PE",
    "iso_alpha_3": "PER"
  },
  {
    "country_name": "Philippines",
    "iso_alpha_2": "PH",
    "iso_alpha_3": "PHL"
  },
  {
    "country_name": "Pitcairn",
    "iso_alpha_2": "PN",
    "iso_alpha_3": "PCN"
  },
  {
    "country_name": "Poland",
    "iso_alpha_2": "PL",
    "iso_alpha_3": "POL"
  },
  {
    "country_name": "Portugal",
    "iso_alpha_2": "PT",
    "iso_alpha_3": "PRT"
  },
  {
    "country_name": "Puerto Rico",
    "iso_alpha_2": "PR",
    "iso_alpha_3": "PRI"
  },
  {
    "country_name": "Qatar",
    "iso_alpha_2": "QA",
    "iso_alpha_3": "QAT"
  },
  {
    "country_name": "R�union",
    "iso_alpha_2": "RE",
    "iso_alpha_3": "REU"
  },
  {
    "country_name": "Romania",
    "iso_alpha_2": "RO",
    "iso_alpha_3": "ROU"
  },
  {
    "country_name": "Russian Federation",
    "iso_alpha_2": "RU",
    "iso_alpha_3": "RUS"
  },
  {
    "country_name": "Rwanda",
    "iso_alpha_2": "RW",
    "iso_alpha_3": "RWA"
  },
  {
    "country_name": "Saint-Barth�lemy",
    "iso_alpha_2": "BL",
    "iso_alpha_3": "BLM"
  },
  {
    "country_name": "Saint Helena",
    "iso_alpha_2": "SH",
    "iso_alpha_3": "SHN"
  },
  {
    "country_name": "Saint Kitts and Nevis",
    "iso_alpha_2": "KN",
    "iso_alpha_3": "KNA"
  },
  {
    "country_name": "Saint Lucia",
    "iso_alpha_2": "LC",
    "iso_alpha_3": "LCA"
  },
  {
    "country_name": "Saint-Martin (French part)",
    "iso_alpha_2": "MF",
    "iso_alpha_3": "MAF"
  },
  {
    "country_name": "Saint Pierre and Miquelon",
    "iso_alpha_2": "PM",
    "iso_alpha_3": "SPM"
  },
  {
    "country_name": "Saint Vincent and Grenadines",
    "iso_alpha_2": "VC",
    "iso_alpha_3": "VCT"
  },
  {
    "country_name": "Samoa",
    "iso_alpha_2": "WS",
    "iso_alpha_3": "WSM"
  },
  {
    "country_name": "San Marino",
    "iso_alpha_2": "SM",
    "iso_alpha_3": "SMR"
  },
  {
    "country_name": "Sao Tome and Principe",
    "iso_alpha_2": "ST",
    "iso_alpha_3": "STP"
  },
  {
    "country_name": "Saudi Arabia",
    "iso_alpha_2": "SA",
    "iso_alpha_3": "SAU"
  },
  {
    "country_name": "Senegal",
    "iso_alpha_2": "SN",
    "iso_alpha_3": "SEN"
  },
  {
    "country_name": "Serbia",
    "iso_alpha_2": "RS",
    "iso_alpha_3": "SRB"
  },
  {
    "country_name": "Seychelles",
    "iso_alpha_2": "SC",
    "iso_alpha_3": "SYC"
  },
  {
    "country_name": "Sierra Leone",
    "iso_alpha_2": "SL",
    "iso_alpha_3": "SLE"
  },
  {
    "country_name": "Singapore",
    "iso_alpha_2": "SG",
    "iso_alpha_3": "SGP"
  },
  {
    "country_name": "Slovakia",
    "iso_alpha_2": "SK",
    "iso_alpha_3": "SVK"
  },
  {
    "country_name": "Slovenia",
    "iso_alpha_2": "SI",
    "iso_alpha_3": "SVN"
  },
  {
    "country_name": "Solomon Islands",
    "iso_alpha_2": "SB",
    "iso_alpha_3": "SLB"
  },
  {
    "country_name": "Somalia",
    "iso_alpha_2": "SO",
    "iso_alpha_3": "SOM"
  },
  {
    "country_name": "South Africa",
    "iso_alpha_2": "ZA",
    "iso_alpha_3": "ZAF"
  },
  {
    "country_name": "South Georgia and the South Sandwich Islands",
    "iso_alpha_2": "GS",
    "iso_alpha_3": "SGS"
  },
  {
    "country_name": "South Sudan",
    "iso_alpha_2": "SS",
    "iso_alpha_3": "SSD"
  },
  {
    "country_name": "Spain",
    "iso_alpha_2": "ES",
    "iso_alpha_3": "ESP"
  },
  {
    "country_name": "Sri Lanka",
    "iso_alpha_2": "LK",
    "iso_alpha_3": "LKA"
  },
  {
    "country_name": "Sudan",
    "iso_alpha_2": "SD",
    "iso_alpha_3": "SDN"
  },
  {
    "country_name": "Suriname *",
    "iso_alpha_2": "SR",
    "iso_alpha_3": "SUR"
  },
  {
    "country_name": "Svalbard and Jan Mayen Islands",
    "iso_alpha_2": "SJ",
    "iso_alpha_3": "SJM"
  },
  {
    "country_name": "Swaziland",
    "iso_alpha_2": "SZ",
    "iso_alpha_3": "SWZ"
  },
  {
    "country_name": "Sweden",
    "iso_alpha_2": "SE",
    "iso_alpha_3": "SWE"
  },
  {
    "country_name": "Switzerland",
    "iso_alpha_2": "CH",
    "iso_alpha_3": "CHE"
  },
  {
    "country_name": "Syrian Arab Republic (Syria)",
    "iso_alpha_2": "SY",
    "iso_alpha_3": "SYR"
  },
  {
    "country_name": "Taiwan, Republic of China",
    "iso_alpha_2": "TW",
    "iso_alpha_3": "TWN"
  },
  {
    "country_name": "Tajikistan",
    "iso_alpha_2": "TJ",
    "iso_alpha_3": "TJK"
  },
  {
    "country_name": "Tanzania *, United Republic of",
    "iso_alpha_2": "TZ",
    "iso_alpha_3": "TZA"
  },
  {
    "country_name": "Thailand",
    "iso_alpha_2": "TH",
    "iso_alpha_3": "THA"
  },
  {
    "country_name": "Timor-Leste",
    "iso_alpha_2": "TL",
    "iso_alpha_3": "TLS"
  },
  {
    "country_name": "Togo",
    "iso_alpha_2": "TG",
    "iso_alpha_3": "TGO"
  },
  {
    "country_name": "Tokelau",
    "iso_alpha_2": "TK",
    "iso_alpha_3": "TKL"
  },
  {
    "country_name": "Tonga",
    "iso_alpha_2": "TO",
    "iso_alpha_3": "TON"
  },
  {
    "country_name": "Trinidad and Tobago",
    "iso_alpha_2": "TT",
    "iso_alpha_3": "TTO"
  },
  {
    "country_name": "Tunisia",
    "iso_alpha_2": "TN",
    "iso_alpha_3": "TUN"
  },
  {
    "country_name": "Turkey",
    "iso_alpha_2": "TR",
    "iso_alpha_3": "TUR"
  },
  {
    "country_name": "Turkmenistan",
    "iso_alpha_2": "TM",
    "iso_alpha_3": "TKM"
  },
  {
    "country_name": "Turks and Caicos Islands",
    "iso_alpha_2": "TC",
    "iso_alpha_3": "TCA"
  },
  {
    "country_name": "Tuvalu",
    "iso_alpha_2": "TV",
    "iso_alpha_3": "TUV"
  },
  {
    "country_name": "Uganda",
    "iso_alpha_2": "UG",
    "iso_alpha_3": "UGA"
  },
  {
    "country_name": "Ukraine",
    "iso_alpha_2": "UA",
    "iso_alpha_3": "UKR"
  },
  {
    "country_name": "United Arab Emirates",
    "iso_alpha_2": "AE",
    "iso_alpha_3": "ARE"
  },
  {
    "country_name": "United Kingdom",
    "iso_alpha_2": "GB",
    "iso_alpha_3": "GBR"
  },
  {
    "country_name": "United States of America",
    "iso_alpha_2": "US",
    "iso_alpha_3": "USA"
  },
  {
    "country_name": "United States Minor Outlying Islands",
    "iso_alpha_2": "UM",
    "iso_alpha_3": "UMI"
  },
  {
    "country_name": "Uruguay",
    "iso_alpha_2": "UY",
    "iso_alpha_3": "URY"
  },
  {
    "country_name": "Uzbekistan",
    "iso_alpha_2": "UZ",
    "iso_alpha_3": "UZB"
  },
  {
    "country_name": "Vanuatu",
    "iso_alpha_2": "VU",
    "iso_alpha_3": "VUT"
  },
  {
    "country_name": "Venezuela (Bolivarian Republic of)",
    "iso_alpha_2": "VE",
    "iso_alpha_3": "VEN"
  },
  {
    "country_name": "Viet Nam",
    "iso_alpha_2": "VN",
    "iso_alpha_3": "VNM"
  },
  {
    "country_name": "Virgin Islands, US",
    "iso_alpha_2": "VI",
    "iso_alpha_3": "VIR"
  },
  {
    "country_name": "Wallis and Futuna Islands",
    "iso_alpha_2": "WF",
    "iso_alpha_3": "WLF"
  },
  {
    "country_name": "Western Sahara",
    "iso_alpha_2": "EH",
    "iso_alpha_3": "ESH"
  },
  {
    "country_name": "Yemen",
    "iso_alpha_2": "YE",
    "iso_alpha_3": "YEM"
  },
  {
    "country_name": "Zambia",
    "iso_alpha_2": "ZM",
    "iso_alpha_3": "ZMB"
  },
  {
    "country_name": "Zimbabwe",
    "iso_alpha_2": "ZW",
    "iso_alpha_3": "ZWE"
  }
]